No,Tanggal,Waktu,Barista,Jenis Produk,Produk Pesanan,Sitem pesanan,Jumlah,harga,total harga,ppn,Total Harga setelah pajak
1,12/31/2022,11:51,Joy,Coffee,Americano,Dine in,1,25000,25000,2500,27500
2,2/8/2022,17:45,Lance,Non-coffee,Vanilla Milkshake,Dine in,1,18000,18000,1800,19800
3,8/17/2022,17:14,Ming,Non-coffee,Vanilla Milkshake,Dine in,1,18000,18000,1800,19800
4,11/9/2022,21:57,Ferdi,Non-coffee,Vanilla Milkshake,Dine in,1,18000,18000,1800,19800
5,2/10/2022,20:05,Ilham,Non-coffee,Milk Tea,Dine in,1,20000,20000,2000,22000
6,3/17/2023,11:51,Jason,Coffee,Latte,Dine in,1,23000,23000,2300,25300
7,1/11/2022,17:45,Dapid,Non-coffee,Choco Lava,Dine in,1,25000,25000,2500,27500
8,7/26/2022,17:14,Dapid,Non-coffee,Aqua,Dine in,1,10000,10000,1000,11000
9,10/1/2023,21:57,Ferdi,Non-coffee,Aqua,Take away,1,10000,10000,1000,11000
10,7/2/2023,20:05,Joy,Coffee,Cappucino,Take away,1,27000,27000,2700,29700
11,8/6/2022,11:51,Joy,Coffee,Latte,Dine in,1,23000,23000,2300,25300
12,6/4/2023,17:45,Lance,Non-coffee,Strawberry Milkshake,Dine in,1,18000,18000,1800,19800
13,3/30/2023,17:14,Ming,Non-coffee,Milk Tea,Dine in,1,20000,20000,2000,22000
14,12/5/2023,21:57,Jason,Coffee,Americano,Take away,1,25000,25000,2500,27500
15,4/22/2023,20:05,Ilham,Coffee,Cappucino,Take away,1,27000,27000,2700,29700
16,11/20/2022,11:51,Joy,Coffee,Americano,Dine in,1,25000,25000,2500,27500
17,9/21/2022,17:45,Lance,Non-coffee,Vanilla Milkshake,Dine in,2,18000,36000,3600,39600
18,5/2/2023,17:14,Ming,Non-coffee,Vanilla Milkshake,Dine in,2,18000,36000,3600,39600
19,8/28/2022,21:57,Ferdi,Non-coffee,Vanilla Milkshake,Take away,3,18000,54000,5400,59400
20,3/23/2023,20:05,Ilham,Non-coffee,Milk Tea,Take away,1,20000,20000,2000,22000
21,7/21/2022,11:44,Jason,Coffee,Latte,Dine in,3,23000,69000,6900,75900
22,7/6/2022,20:10,Dapid,Non-coffee,Choco Lava,Dine in,5,25000,125000,12500,137500
23,8/4/2022,21:27,Dapid,Non-coffee,Aqua,Dine in,1,10000,10000,1000,11000
24,1/3/2023,13:30,Ferdi,Non-coffee,Aqua,Take away,2,10000,20000,2000,22000
25,7/9/2022,10:36,Joy,Coffee,Cappucino,Take away,1,27000,27000,2700,29700
26,8/5/2022,15:53,Lance,Coffee,Latte,Dine in,5,23000,115000,11500,126500
27,4/15/2023,14:35,Ming,Non-coffee,Strawberry Milkshake,Dine in,5,18000,90000,9000,99000
28,8/11/2022,19:43,Ferdi,Non-coffee,Milk Tea,Dine in,6,20000,120000,12000,132000
29,8/15/2022,13:22,Ilham,Coffee,Americano,Take away,1,25000,25000,2500,27500
30,8/17/2022,20:07,Jason,Coffee,Cappucino,Take away,2,27000,54000,5400,59400
31,1/24/2023,10:34,Dapid,Coffee,Americano,Dine in,4,25000,100000,10000,110000
32,7/6/2022,20:10,Dapid,Non-coffee,Vanilla Milkshake,Dine in,8,18000,144000,14400,158400
33,4/12/2023,21:06,Ferdi,Non-coffee,Vanilla Milkshake,Dine in,2,18000,36000,3600,39600
34,5/20/2023,20:45,Joy,Non-coffee,Vanilla Milkshake,Take away,10,18000,180000,18000,198000
35,3/8/2023,17:15,Joy,Non-coffee,Milk Tea,Take away,7,20000,140000,14000,154000
36,1/18/2023,16:14,Lance,Coffee,Latte,Dine in,9,23000,207000,20700,227700
37,7/6/2022,20:36,Ming,Non-coffee,Choco Lava,Dine in,8,25000,200000,20000,220000
38,1/28/2023,21:23,Jason,Non-coffee,Aqua,Dine in,6,10000,60000,6000,66000
39,11/15/2022,21:21,Ilham,Non-coffee,Aqua,Take away,4,10000,40000,4000,44000
40,10/28/2022,13:05,Joy,Coffee,Cappucino,Take away,8,27000,216000,21600,237600
41,12/24/2022,17:32,Lance,Coffee,Latte,Dine in,7,23000,161000,16100,177100
42,4/7/2023,11:24,Ming,Non-coffee,Strawberry Milkshake,Dine in,4,18000,72000,7200,79200
43,5/26/2023,19:50,Ferdi,Non-coffee,Milk Tea,Dine in,9,20000,180000,18000,198000
44,9/22/2022,18:09,Ilham,Coffee,Americano,Take away,7,25000,175000,17500,192500
45,4/1/2023,21:10,Jason,Coffee,Cappucino,Take away,3,27000,81000,8100,89100
46,12/24/2022,14:51,Dapid,Coffee,Americano,Dine in,5,25000,125000,12500,137500
47,6/6/2023,14:23,Dapid,Non-coffee,Vanilla Milkshake,Dine in,2,18000,36000,3600,39600
48,12/27/2022,10:46,Ferdi,Non-coffee,Vanilla Milkshake,Dine in,7,18000,126000,12600,138600
49,12/3/2022,15:26,Joy,Non-coffee,Vanilla Milkshake,Take away,8,18000,144000,14400,158400
50,2/4/2023,19:46,Lance,Non-coffee,Milk Tea,Take away,9,20000,180000,18000,198000
51,7/8/2022,12:19,Ming,Coffee,Latte,Dine in,7,23000,161000,16100,177100
52,11/7/2022,13:19,Ferdi,Non-coffee,Choco Lava,Dine in,8,25000,200000,20000,220000
53,12/29/2022,14:53,Ilham,Non-coffee,Aqua,Dine in,3,10000,30000,3000,33000
54,6/19/2022,10:43,Jason,Non-coffee,Aqua,Take away,7,10000,70000,7000,77000
55,1/15/2023,20:47,Dapid,Coffee,Cappucino,Take away,6,27000,162000,16200,178200
56,8/18/2022,14:16,Dapid,Coffee,Latte,Dine in,2,23000,46000,4600,50600
57,5/22/2023,21:57,Ferdi,Non-coffee,Strawberry Milkshake,Dine in,3,18000,54000,5400,59400
58,12/6/2022,10:17,Joy,Non-coffee,Milk Tea,Dine in,6,20000,120000,12000,132000
59,8/29/2022,19:06,Joy,Coffee,Americano,Take away,1,25000,25000,2500,27500
60,10/4/2022,10:41,Lance,Coffee,Cappucino,Take away,4,27000,108000,10800,118800
61,6/8/2023,10:37,Ming,Coffee,Americano,Dine in,10,25000,250000,25000,275000
62,11/26/2022,17:46,Jason,Non-coffee,Vanilla Milkshake,Dine in,5,18000,90000,9000,99000
63,2/28/2023,10:53,Ilham,Non-coffee,Vanilla Milkshake,Dine in,1,18000,18000,1800,19800
64,11/27/2022,10:31,Joy,Non-coffee,Vanilla Milkshake,Take away,8,18000,144000,14400,158400
65,6/14/2022,15:41,Lance,Non-coffee,Milk Tea,Take away,4,20000,80000,8000,88000
66,2/7/2023,11:55,Ming,Coffee,Latte,Dine in,4,23000,92000,9200,101200
67,7/24/2022,13:13,Ferdi,Non-coffee,Choco Lava,Dine in,4,25000,100000,10000,110000
68,4/19/2023,19:55,Ilham,Non-coffee,Aqua,Dine in,4,10000,40000,4000,44000
69,8/4/2022,11:29,Jason,Non-coffee,Aqua,Take away,4,10000,40000,4000,44000
70,7/2/2022,18:06,Dapid,Coffee,Cappucino,Take away,9,27000,243000,24300,267300
71,5/28/2023,21:45,Dapid,Coffee,Latte,Dine in,10,23000,230000,23000,253000
72,4/1/2023,16:21,Ferdi,Non-coffee,Strawberry Milkshake,Dine in,1,18000,18000,1800,19800
73,7/11/2022,10:40,Joy,Non-coffee,Milk Tea,Dine in,10,20000,200000,20000,220000
74,5/7/2023,18:16,Lance,Coffee,Americano,Take away,5,25000,125000,12500,137500
75,6/20/2022,12:22,Ming,Coffee,Cappucino,Take away,9,27000,243000,24300,267300
76,2/3/2023,20:36,Ferdi,Coffee,Americano,Dine in,2,25000,50000,5000,55000
77,3/9/2023,10:56,Ilham,Non-coffee,Vanilla Milkshake,Dine in,7,18000,126000,12600,138600
78,6/2/2023,10:03,Jason,Non-coffee,Vanilla Milkshake,Dine in,4,18000,72000,7200,79200
79,1/14/2023,12:00,Dapid,Non-coffee,Vanilla Milkshake,Take away,1,18000,18000,1800,19800
80,5/30/2023,18:36,Dapid,Non-coffee,Milk Tea,Take away,7,20000,140000,14000,154000
81,7/6/2022,21:32,Ferdi,Coffee,Latte,Dine in,2,23000,46000,4600,50600
82,6/28/2022,15:06,Joy,Non-coffee,Choco Lava,Dine in,2,25000,50000,5000,55000
83,1/1/2023,17:35,Joy,Non-coffee,Aqua,Dine in,4,10000,40000,4000,44000
84,11/21/2022,19:11,Lance,Non-coffee,Aqua,Take away,3,10000,30000,3000,33000
85,9/27/2022,18:28,Ming,Coffee,Cappucino,Take away,7,27000,189000,18900,207900
86,4/26/2023,15:53,Jason,Coffee,Latte,Dine in,3,23000,69000,6900,75900
87,11/11/2022,21:20,Ilham,Non-coffee,Strawberry Milkshake,Dine in,10,18000,180000,18000,198000
88,2/27/2023,15:05,Joy,Non-coffee,Milk Tea,Dine in,5,20000,100000,10000,110000
89,2/25/2023,12:48,Lance,Coffee,Americano,Take away,3,25000,75000,7500,82500
90,1/22/2023,13:51,Ming,Coffee,Cappucino,Take away,5,27000,135000,13500,148500
91,10/31/2022,14:31,Ferdi,Coffee,Americano,Dine in,8,25000,200000,20000,220000
92,7/17/2022,10:40,Ilham,Non-coffee,Vanilla Milkshake,Dine in,10,18000,180000,18000,198000
93,4/9/2023,10:23,Jason,Non-coffee,Vanilla Milkshake,Dine in,8,18000,144000,14400,158400
94,7/27/2022,10:57,Dapid,Non-coffee,Vanilla Milkshake,Take away,4,18000,72000,7200,79200
95,10/6/2022,19:27,Dapid,Non-coffee,Milk Tea,Take away,10,20000,200000,20000,220000
96,4/22/2023,16:18,Ferdi,Coffee,Latte,Dine in,6,23000,138000,13800,151800
97,12/21/2022,16:44,Joy,Non-coffee,Choco Lava,Dine in,8,25000,200000,20000,220000
98,12/12/2022,16:19,Lance,Non-coffee,Aqua,Dine in,7,10000,70000,7000,77000
99,10/12/2022,18:40,Ming,Non-coffee,Aqua,Take away,5,10000,50000,5000,55000
100,1/9/2023,17:34,Ferdi,Coffee,Cappucino,Take away,2,27000,54000,5400,59400
101,7/7/2022,15:19,Ilham,Coffee,Latte,Dine in,6,23000,138000,13800,151800
102,7/24/2022,19:23,Jason,Non-coffee,Strawberry Milkshake,Dine in,10,18000,180000,18000,198000
103,8/13/2022,21:22,Dapid,Non-coffee,Milk Tea,Dine in,2,20000,40000,4000,44000
104,9/12/2022,17:34,Dapid,Coffee,Americano,Take away,7,25000,175000,17500,192500
105,1/21/2023,19:06,Ferdi,Coffee,Cappucino,Take away,7,27000,189000,18900,207900
106,3/30/2023,11:04,Joy,Coffee,Americano,Dine in,3,25000,75000,7500,82500
107,12/1/2022,20:53,Joy,Non-coffee,Vanilla Milkshake,Dine in,5,18000,90000,9000,99000
108,11/10/2022,12:33,Lance,Non-coffee,Vanilla Milkshake,Dine in,7,18000,126000,12600,138600
109,10/12/2022,14:48,Ming,Non-coffee,Vanilla Milkshake,Take away,9,18000,162000,16200,178200
110,12/27/2022,17:37,Jason,Non-coffee,Milk Tea,Take away,5,20000,100000,10000,110000
111,12/25/2022,19:01,Ilham,Coffee,Latte,Dine in,9,23000,207000,20700,227700
112,10/15/2022,16:54,Joy,Non-coffee,Choco Lava,Dine in,10,25000,250000,25000,275000
113,7/20/2022,20:59,Lance,Non-coffee,Aqua,Dine in,9,10000,90000,9000,99000
114,3/9/2023,17:51,Ming,Non-coffee,Aqua,Take away,6,10000,60000,6000,66000
115,3/10/2023,20:07,Ferdi,Coffee,Cappucino,Take away,5,27000,135000,13500,148500
116,3/10/2023,10:38,Joy,Coffee,Latte,Dine in,6,23000,138000,13800,151800
117,7/7/2022,13:13,Lance,Non-coffee,Strawberry Milkshake,Dine in,3,18000,54000,5400,59400
118,11/20/2022,19:43,Ming,Non-coffee,Milk Tea,Dine in,10,20000,200000,20000,220000
119,6/4/2023,10:02,Ferdi,Coffee,Americano,Take away,10,25000,250000,25000,275000
120,8/8/2022,12:50,Ilham,Coffee,Cappucino,Take away,8,27000,216000,21600,237600
121,8/12/2022,16:37,Jason,Coffee,Americano,Dine in,7,25000,175000,17500,192500
122,2/9/2023,15:08,Dapid,Non-coffee,Vanilla Milkshake,Dine in,3,18000,54000,5400,59400
123,10/7/2022,18:48,Dapid,Non-coffee,Vanilla Milkshake,Dine in,3,18000,54000,5400,59400
124,8/7/2022,15:52,Ferdi,Non-coffee,Vanilla Milkshake,Take away,8,18000,144000,14400,158400
125,1/7/2023,15:24,Joy,Non-coffee,Milk Tea,Take away,2,20000,40000,4000,44000
126,3/20/2023,18:19,Joy,Coffee,Latte,Dine in,4,23000,92000,9200,101200
127,8/6/2022,14:43,Lance,Non-coffee,Choco Lava,Dine in,1,25000,25000,2500,27500
128,3/10/2023,13:27,Ming,Non-coffee,Aqua,Dine in,8,10000,80000,8000,88000
129,3/8/2023,17:14,Jason,Non-coffee,Aqua,Take away,9,10000,90000,9000,99000
130,4/19/2023,16:22,Ilham,Coffee,Cappucino,Take away,9,27000,243000,24300,267300
131,5/24/2023,13:38,Joy,Coffee,Latte,Dine in,8,23000,184000,18400,202400
132,5/3/2023,11:04,Lance,Non-coffee,Strawberry Milkshake,Dine in,10,18000,180000,18000,198000
133,10/26/2022,17:34,Ming,Non-coffee,Milk Tea,Dine in,8,20000,160000,16000,176000
134,10/29/2022,10:04,Ferdi,Coffee,Americano,Take away,8,25000,200000,20000,220000
135,11/18/2022,17:05,Ilham,Coffee,Cappucino,Take away,1,27000,27000,2700,29700
136,11/3/2022,15:38,Jason,Coffee,Americano,Dine in,6,25000,150000,15000,165000
137,9/19/2022,15:51,Dapid,Non-coffee,Vanilla Milkshake,Dine in,7,18000,126000,12600,138600
138,11/14/2022,15:24,Dapid,Non-coffee,Vanilla Milkshake,Dine in,1,18000,18000,1800,19800
139,6/17/2022,20:28,Ferdi,Non-coffee,Vanilla Milkshake,Take away,3,18000,54000,5400,59400
140,2/19/2023,10:01,Joy,Non-coffee,Milk Tea,Take away,4,20000,80000,8000,88000
141,12/1/2022,17:33,Lance,Coffee,Latte,Dine in,10,23000,230000,23000,253000
142,3/13/2023,14:30,Ming,Non-coffee,Choco Lava,Dine in,2,25000,50000,5000,55000
143,2/24/2023,11:45,Ferdi,Non-coffee,Aqua,Dine in,3,10000,30000,3000,33000
144,3/4/2023,15:29,Ilham,Non-coffee,Aqua,Take away,6,10000,60000,6000,66000
145,11/11/2022,15:14,Jason,Coffee,Cappucino,Take away,4,27000,108000,10800,118800
146,11/14/2022,18:28,Dapid,Coffee,Latte,Dine in,6,23000,138000,13800,151800
147,8/19/2022,16:38,Dapid,Non-coffee,Strawberry Milkshake,Dine in,6,18000,108000,10800,118800
148,8/23/2022,19:22,Ferdi,Non-coffee,Milk Tea,Dine in,2,20000,40000,4000,44000
149,6/1/2023,14:42,Joy,Coffee,Americano,Take away,3,25000,75000,7500,82500
150,11/4/2022,19:48,Joy,Coffee,Cappucino,Take away,7,27000,189000,18900,207900
151,12/2/2022,19:01,Lance,Coffee,Americano,Dine in,6,25000,150000,15000,165000
152,7/13/2022,10:45,Ming,Non-coffee,Vanilla Milkshake,Dine in,4,18000,72000,7200,79200
153,7/17/2022,13:50,Jason,Non-coffee,Vanilla Milkshake,Dine in,6,18000,108000,10800,118800
154,6/6/2023,12:56,Ilham,Non-coffee,Vanilla Milkshake,Dine in,8,18000,144000,14400,158400
155,8/26/2022,16:50,Joy,Non-coffee,Milk Tea,Dine in,6,20000,120000,12000,132000
156,10/21/2022,19:08,Lance,Coffee,Latte,Dine in,5,23000,115000,11500,126500
157,9/20/2022,17:23,Ming,Non-coffee,Choco Lava,Take away,2,25000,50000,5000,55000
158,11/21/2022,17:05,Ferdi,Non-coffee,Aqua,Take away,9,10000,90000,9000,99000
159,11/22/2022,17:31,Ilham,Non-coffee,Aqua,Dine in,8,10000,80000,8000,88000
160,10/13/2022,13:08,Jason,Coffee,Cappucino,Dine in,6,27000,162000,16200,178200
161,11/17/2022,16:02,Dapid,Coffee,Latte,Dine in,5,23000,115000,11500,126500
162,9/5/2022,10:00,Dapid,Non-coffee,Strawberry Milkshake,Take away,8,18000,144000,14400,158400
163,5/28/2023,20:28,Ferdi,Non-coffee,Milk Tea,Take away,5,20000,100000,10000,110000
164,1/20/2023,13:25,Joy,Coffee,Americano,Dine in,3,25000,75000,7500,82500
165,1/18/2023,18:25,Lance,Coffee,Cappucino,Dine in,7,27000,189000,18900,207900
166,4/6/2023,11:12,Ming,Coffee,Americano,Dine in,9,25000,225000,22500,247500
167,12/8/2022,21:11,Ferdi,Non-coffee,Vanilla Milkshake,Dine in,1,18000,18000,1800,19800
168,7/29/2022,14:31,Ilham,Non-coffee,Vanilla Milkshake,Dine in,7,18000,126000,12600,138600
169,1/28/2023,12:55,Jason,Non-coffee,Vanilla Milkshake,Dine in,6,18000,108000,10800,118800
170,1/20/2023,18:42,Dapid,Non-coffee,Milk Tea,Take away,5,20000,100000,10000,110000
171,3/4/2023,18:29,Dapid,Coffee,Latte,Take away,9,23000,207000,20700,227700
172,7/3/2022,17:26,Ferdi,Non-coffee,Choco Lava,Dine in,5,25000,125000,12500,137500
173,3/3/2023,20:28,Joy,Non-coffee,Aqua,Dine in,3,10000,30000,3000,33000
174,5/12/2023,16:39,Joy,Non-coffee,Aqua,Dine in,7,10000,70000,7000,77000
175,2/3/2023,13:16,Lance,Coffee,Cappucino,Take away,7,27000,189000,18900,207900
176,10/17/2022,12:57,Ming,Coffee,Latte,Take away,6,23000,138000,13800,151800
177,6/7/2023,10:05,Jason,Non-coffee,Strawberry Milkshake,Dine in,2,18000,36000,3600,39600
178,5/16/2023,17:30,Ilham,Non-coffee,Milk Tea,Dine in,9,20000,180000,18000,198000
179,2/22/2023,10:45,Joy,Coffee,Americano,Dine in,5,25000,125000,12500,137500
180,6/3/2023,13:33,Lance,Coffee,Cappucino,Dine in,1,27000,27000,2700,29700
181,4/23/2023,12:33,Ming,Coffee,Americano,Dine in,10,25000,250000,25000,275000
182,4/13/2023,21:10,Ferdi,Non-coffee,Vanilla Milkshake,Dine in,9,18000,162000,16200,178200
183,8/26/2022,14:49,Ilham,Non-coffee,Vanilla Milkshake,Take away,8,18000,144000,14400,158400
184,11/25/2022,17:57,Jason,Non-coffee,Vanilla Milkshake,Take away,10,18000,180000,18000,198000
185,12/2/2022,12:47,Dapid,Non-coffee,Milk Tea,Dine in,2,20000,40000,4000,44000
186,4/13/2023,16:39,Dapid,Coffee,Latte,Dine in,6,23000,138000,13800,151800
187,1/22/2023,17:27,Ferdi,Non-coffee,Choco Lava,Dine in,3,25000,75000,7500,82500
188,2/13/2023,18:17,Joy,Non-coffee,Aqua,Take away,9,10000,90000,9000,99000
189,2/12/2023,12:48,Lance,Non-coffee,Aqua,Take away,2,10000,20000,2000,22000
190,7/4/2022,14:22,Ming,Coffee,Cappucino,Dine in,6,27000,162000,16200,178200
191,1/18/2023,11:41,Ferdi,Coffee,Latte,Dine in,3,23000,69000,6900,75900
192,5/20/2023,18:33,Ilham,Non-coffee,Strawberry Milkshake,Dine in,8,18000,144000,14400,158400
193,6/19/2022,13:22,Jason,Non-coffee,Milk Tea,Dine in,6,20000,120000,12000,132000
194,12/13/2022,18:28,Dapid,Coffee,Americano,Dine in,4,25000,100000,10000,110000
195,8/26/2022,12:34,Dapid,Coffee,Cappucino,Dine in,3,27000,81000,8100,89100
196,10/13/2022,11:09,Ferdi,Coffee,Americano,Take away,6,25000,150000,15000,165000
197,7/1/2022,12:54,Joy,Non-coffee,Vanilla Milkshake,Take away,6,18000,108000,10800,118800
198,8/2/2022,16:39,Joy,Non-coffee,Vanilla Milkshake,Dine in,9,18000,162000,16200,178200
199,5/13/2023,20:35,Lance,Non-coffee,Vanilla Milkshake,Dine in,6,18000,108000,10800,118800
200,12/30/2022,10:36,Ming,Non-coffee,Milk Tea,Dine in,6,20000,120000,12000,132000
201,8/7/2022,20:48,Jason,Coffee,Latte,Take away,7,23000,161000,16100,177100
202,8/6/2022,13:26,Ilham,Non-coffee,Choco Lava,Take away,5,25000,125000,12500,137500
203,3/14/2023,12:49,Joy,Non-coffee,Aqua,Dine in,7,10000,70000,7000,77000
204,9/1/2022,14:57,Lance,Non-coffee,Aqua,Dine in,5,10000,50000,5000,55000
205,2/21/2023,10:18,Ming,Coffee,Cappucino,Dine in,6,27000,162000,16200,178200
206,5/2/2023,15:16,Ferdi,Coffee,Latte,Dine in,2,23000,46000,4600,50600
207,1/1/2023,21:06,Ilham,Non-coffee,Strawberry Milkshake,Dine in,7,18000,126000,12600,138600
208,12/2/2022,11:03,Jason,Non-coffee,Milk Tea,Dine in,10,20000,200000,20000,220000
209,10/8/2022,18:45,Dapid,Coffee,Americano,Take away,2,25000,50000,5000,55000
210,6/28/2022,21:37,Dapid,Coffee,Cappucino,Take away,4,27000,108000,10800,118800
211,12/31/2022,20:33,Ferdi,Coffee,Americano,Dine in,5,25000,125000,12500,137500
212,5/2/2023,18:32,Joy,Non-coffee,Vanilla Milkshake,Dine in,5,18000,90000,9000,99000
213,12/19/2022,16:24,Lance,Non-coffee,Vanilla Milkshake,Dine in,5,18000,90000,9000,99000
214,5/28/2023,15:08,Ming,Non-coffee,Vanilla Milkshake,Take away,2,18000,36000,3600,39600
215,8/15/2022,19:19,Ferdi,Non-coffee,Milk Tea,Take away,8,20000,160000,16000,176000
216,11/26/2022,12:33,Ilham,Coffee,Latte,Dine in,1,23000,23000,2300,25300
217,3/13/2023,21:00,Jason,Non-coffee,Choco Lava,Dine in,8,25000,200000,20000,220000
218,6/16/2022,19:37,Dapid,Non-coffee,Aqua,Dine in,5,10000,50000,5000,55000
219,8/18/2022,15:26,Dapid,Non-coffee,Aqua,Dine in,9,10000,90000,9000,99000
220,5/6/2023,21:00,Ferdi,Coffee,Cappucino,Dine in,3,27000,81000,8100,89100
221,10/24/2022,18:14,Joy,Coffee,Latte,Dine in,8,23000,184000,18400,202400
222,5/6/2023,19:36,Joy,Non-coffee,Strawberry Milkshake,Take away,8,18000,144000,14400,158400
223,11/15/2022,10:25,Lance,Non-coffee,Milk Tea,Take away,8,20000,160000,16000,176000
224,10/19/2022,16:05,Ming,Coffee,Americano,Dine in,1,25000,25000,2500,27500
225,5/11/2023,20:09,Jason,Coffee,Cappucino,Dine in,7,27000,189000,18900,207900
226,2/26/2023,15:34,Ilham,Coffee,Americano,Dine in,7,25000,175000,17500,192500
227,10/17/2022,18:47,Joy,Non-coffee,Vanilla Milkshake,Take away,9,18000,162000,16200,178200
228,7/2/2022,16:24,Lance,Non-coffee,Vanilla Milkshake,Take away,2,18000,36000,3600,39600
229,1/23/2023,14:08,Ming,Non-coffee,Vanilla Milkshake,Dine in,3,18000,54000,5400,59400
230,10/8/2022,20:33,Ferdi,Non-coffee,Milk Tea,Dine in,8,20000,160000,16000,176000
231,8/24/2022,12:13,Joy,Coffee,Latte,Dine in,1,23000,23000,2300,25300
232,9/30/2022,15:28,Lance,Non-coffee,Choco Lava,Dine in,5,25000,125000,12500,137500
233,10/8/2022,10:38,Ming,Non-coffee,Aqua,Dine in,7,10000,70000,7000,77000
234,6/6/2023,16:39,Ferdi,Non-coffee,Aqua,Dine in,4,10000,40000,4000,44000
235,2/16/2023,10:43,Ilham,Coffee,Cappucino,Take away,10,27000,270000,27000,297000
236,1/13/2023,15:29,Jason,Coffee,Latte,Take away,3,23000,69000,6900,75900
237,1/12/2023,20:51,Dapid,Non-coffee,Strawberry Milkshake,Dine in,3,18000,54000,5400,59400
238,1/29/2023,10:42,Dapid,Non-coffee,Milk Tea,Dine in,2,20000,40000,4000,44000
239,6/19/2022,10:13,Ferdi,Coffee,Americano,Dine in,7,25000,175000,17500,192500
240,6/12/2022,18:13,Joy,Coffee,Cappucino,Take away,2,27000,54000,5400,59400
241,6/6/2023,15:54,Joy,Coffee,Americano,Take away,4,25000,100000,10000,110000
242,12/26/2022,11:26,Lance,Non-coffee,Vanilla Milkshake,Dine in,7,18000,126000,12600,138600
243,9/27/2022,13:49,Ming,Non-coffee,Vanilla Milkshake,Dine in,5,18000,90000,9000,99000
244,3/12/2023,16:39,Jason,Non-coffee,Vanilla Milkshake,Dine in,9,18000,162000,16200,178200
245,8/27/2022,16:14,Ilham,Non-coffee,Milk Tea,Dine in,10,20000,200000,20000,220000
246,8/8/2022,17:29,Joy,Coffee,Latte,Dine in,5,23000,115000,11500,126500
247,6/6/2023,11:39,Lance,Non-coffee,Choco Lava,Dine in,10,25000,250000,25000,275000
248,3/19/2023,15:02,Ming,Non-coffee,Aqua,Take away,9,10000,90000,9000,99000
249,3/23/2023,17:32,Ferdi,Non-coffee,Aqua,Take away,8,10000,80000,8000,88000
250,3/31/2023,15:40,Ilham,Coffee,Cappucino,Dine in,9,27000,243000,24300,267300
251,4/10/2023,10:13,Jason,Coffee,Latte,Dine in,7,23000,161000,16100,177100
252,8/21/2022,13:21,Dapid,Non-coffee,Strawberry Milkshake,Dine in,7,18000,126000,12600,138600
253,1/11/2023,10:18,Dapid,Non-coffee,Milk Tea,Take away,4,20000,80000,8000,88000
254,2/19/2023,11:33,Ferdi,Coffee,Americano,Take away,9,25000,225000,22500,247500
255,9/24/2022,18:37,Joy,Coffee,Cappucino,Dine in,1,27000,27000,2700,29700
256,12/8/2022,20:46,Lance,Coffee,Americano,Dine in,4,25000,100000,10000,110000
257,10/25/2022,12:41,Ming,Non-coffee,Vanilla Milkshake,Dine in,3,18000,54000,5400,59400
258,7/7/2022,10:57,Ferdi,Non-coffee,Vanilla Milkshake,Dine in,8,18000,144000,14400,158400
259,9/8/2022,14:16,Ilham,Non-coffee,Vanilla Milkshake,Dine in,6,18000,108000,10800,118800
260,7/19/2022,15:05,Jason,Non-coffee,Milk Tea,Dine in,2,20000,40000,4000,44000
261,10/30/2022,19:44,Dapid,Coffee,Latte,Take away,3,23000,69000,6900,75900
262,6/16/2022,12:08,Dapid,Non-coffee,Choco Lava,Take away,5,25000,125000,12500,137500
263,10/30/2022,12:24,Ferdi,Non-coffee,Aqua,Dine in,8,10000,80000,8000,88000
264,12/5/2022,11:53,Joy,Non-coffee,Aqua,Dine in,10,10000,100000,10000,110000
265,12/8/2022,19:19,Joy,Coffee,Cappucino,Dine in,8,27000,216000,21600,237600
266,2/17/2023,17:43,Lance,Coffee,Latte,Take away,5,23000,115000,11500,126500
267,1/18/2023,14:39,Ming,Non-coffee,Strawberry Milkshake,Take away,7,18000,126000,12600,138600
268,1/15/2023,21:24,Jason,Non-coffee,Milk Tea,Dine in,3,20000,60000,6000,66000
269,3/16/2023,10:24,Ilham,Coffee,Americano,Dine in,4,25000,100000,10000,110000
270,9/15/2022,19:57,Joy,Coffee,Cappucino,Dine in,6,27000,162000,16200,178200
271,1/1/2023,18:00,Lance,Coffee,Americano,Dine in,3,25000,75000,7500,82500
272,3/7/2023,12:30,Ming,Non-coffee,Vanilla Milkshake,Dine in,5,18000,90000,9000,99000
273,5/20/2023,16:26,Ferdi,Non-coffee,Vanilla Milkshake,Dine in,9,18000,162000,16200,178200
274,5/9/2023,18:55,Ilham,Non-coffee,Vanilla Milkshake,Take away,4,18000,72000,7200,79200
275,2/10/2023,18:06,Jason,Non-coffee,Milk Tea,Take away,2,20000,40000,4000,44000
276,9/5/2022,19:10,Dapid,Coffee,Latte,Dine in,9,23000,207000,20700,227700
277,2/8/2023,19:38,Dapid,Non-coffee,Choco Lava,Dine in,6,25000,150000,15000,165000
278,4/6/2023,20:19,Ferdi,Non-coffee,Aqua,Dine in,7,10000,70000,7000,77000
279,2/1/2023,15:32,Joy,Non-coffee,Aqua,Take away,3,10000,30000,3000,33000
280,7/26/2022,13:00,Lance,Coffee,Cappucino,Take away,5,27000,135000,13500,148500
281,3/20/2023,10:15,Ming,Coffee,Latte,Dine in,6,23000,138000,13800,151800
282,6/12/2022,14:18,Ferdi,Non-coffee,Strawberry Milkshake,Dine in,9,18000,162000,16200,178200
283,3/19/2023,17:56,Ilham,Non-coffee,Milk Tea,Dine in,1,20000,20000,2000,22000
284,5/28/2023,16:13,Jason,Coffee,Americano,Dine in,3,25000,75000,7500,82500
285,6/11/2022,19:50,Dapid,Coffee,Cappucino,Dine in,9,27000,243000,24300,267300
286,2/9/2023,18:44,Dapid,Coffee,Americano,Dine in,1,25000,25000,2500,27500
287,8/25/2022,15:36,Ferdi,Non-coffee,Vanilla Milkshake,Take away,4,18000,72000,7200,79200
288,12/12/2022,20:05,Joy,Non-coffee,Vanilla Milkshake,Take away,3,18000,54000,5400,59400
289,12/28/2022,13:20,Joy,Non-coffee,Vanilla Milkshake,Dine in,7,18000,126000,12600,138600
290,6/11/2022,11:00,Lance,Non-coffee,Milk Tea,Dine in,5,20000,100000,10000,110000
291,2/22/2023,16:01,Ming,Coffee,Latte,Dine in,2,23000,46000,4600,50600
292,7/18/2022,14:25,Jason,Non-coffee,Choco Lava,Take away,4,25000,100000,10000,110000
293,8/4/2022,21:01,Ilham,Non-coffee,Aqua,Take away,5,10000,50000,5000,55000
294,3/17/2023,11:19,Joy,Non-coffee,Aqua,Dine in,5,10000,50000,5000,55000
295,8/30/2022,13:25,Lance,Coffee,Cappucino,Dine in,4,27000,108000,10800,118800
296,8/9/2022,20:05,Ming,Coffee,Latte,Dine in,3,23000,69000,6900,75900
297,3/3/2023,10:48,Ferdi,Non-coffee,Strawberry Milkshake,Dine in,7,18000,126000,12600,138600
298,8/15/2022,12:02,Ilham,Non-coffee,Milk Tea,Dine in,2,20000,40000,4000,44000
299,6/5/2023,13:35,Jason,Coffee,Americano,Dine in,9,25000,225000,22500,247500
300,5/12/2023,13:48,Dapid,Coffee,Cappucino,Take away,7,27000,189000,18900,207900
301,8/15/2022,12:13,Dapid,Coffee,Americano,Take away,4,25000,100000,10000,110000
302,6/25/2022,11:08,Ferdi,Non-coffee,Vanilla Milkshake,Dine in,3,18000,54000,5400,59400
303,1/13/2023,17:54,Joy,Non-coffee,Vanilla Milkshake,Dine in,5,18000,90000,9000,99000
304,8/23/2022,21:56,Lance,Non-coffee,Vanilla Milkshake,Dine in,1,18000,18000,1800,19800
305,5/6/2023,10:48,Ming,Non-coffee,Milk Tea,Take away,1,20000,20000,2000,22000
306,12/16/2022,13:19,Ferdi,Coffee,Latte,Take away,2,23000,46000,4600,50600
307,2/3/2023,19:48,Ilham,Non-coffee,Choco Lava,Dine in,3,25000,75000,7500,82500
308,10/25/2022,16:05,Jason,Non-coffee,Aqua,Dine in,5,10000,50000,5000,55000
309,1/10/2023,18:29,Dapid,Non-coffee,Aqua,Dine in,5,10000,50000,5000,55000
310,5/12/2023,15:06,Dapid,Coffee,Cappucino,Dine in,7,27000,189000,18900,207900
311,9/30/2022,20:07,Ferdi,Coffee,Latte,Dine in,1,23000,23000,2300,25300
312,4/26/2023,20:53,Joy,Non-coffee,Strawberry Milkshake,Dine in,7,18000,126000,12600,138600
313,7/29/2022,16:01,Joy,Non-coffee,Milk Tea,Take away,5,20000,100000,10000,110000
314,3/2/2023,12:57,Lance,Coffee,Americano,Take away,9,25000,225000,22500,247500
315,12/20/2022,14:06,Ming,Coffee,Cappucino,Dine in,5,27000,135000,13500,148500
316,3/20/2023,15:16,Jason,Coffee,Americano,Dine in,2,25000,50000,5000,55000
317,5/13/2023,13:16,Ilham,Non-coffee,Vanilla Milkshake,Dine in,4,18000,72000,7200,79200
318,6/24/2022,14:10,Joy,Non-coffee,Vanilla Milkshake,Take away,7,18000,126000,12600,138600
319,2/24/2023,21:37,Lance,Non-coffee,Vanilla Milkshake,Take away,2,18000,36000,3600,39600
320,9/1/2022,20:20,Ming,Non-coffee,Milk Tea,Take away,8,20000,160000,16000,176000
321,12/30/2022,10:50,Ferdi,Coffee,Latte,Take away,8,23000,184000,18400,202400
322,8/10/2022,10:51,Ilham,Non-coffee,Choco Lava,Take away,10,25000,250000,25000,275000
323,2/12/2023,21:25,Jason,Non-coffee,Aqua,Take away,4,10000,40000,4000,44000
324,1/24/2023,13:39,Dapid,Non-coffee,Aqua,Take away,2,10000,20000,2000,22000
325,12/16/2022,13:06,Dapid,Coffee,Cappucino,Take away,1,27000,27000,2700,29700
326,11/9/2022,15:35,Ferdi,Coffee,Latte,Take away,5,23000,115000,11500,126500
327,12/14/2022,11:32,Joy,Non-coffee,Strawberry Milkshake,Take away,1,18000,18000,1800,19800
328,7/23/2022,19:34,Lance,Non-coffee,Milk Tea,Take away,10,20000,200000,20000,220000
329,5/20/2023,14:10,Ming,Coffee,Americano,Take away,4,25000,100000,10000,110000
330,10/2/2022,14:56,Ferdi,Coffee,Cappucino,Take away,8,27000,216000,21600,237600
331,6/30/2022,15:14,Ilham,Coffee,Americano,Take away,3,25000,75000,7500,82500
332,9/27/2022,14:11,Jason,Non-coffee,Vanilla Milkshake,Take away,8,18000,144000,14400,158400
333,12/21/2022,19:10,Dapid,Non-coffee,Vanilla Milkshake,Take away,9,18000,162000,16200,178200
334,9/2/2022,18:20,Dapid,Non-coffee,Vanilla Milkshake,Take away,8,18000,144000,14400,158400
335,2/25/2023,14:45,Ferdi,Non-coffee,Milk Tea,Take away,7,20000,140000,14000,154000
336,12/28/2022,19:11,Joy,Coffee,Latte,Take away,5,23000,115000,11500,126500
337,5/25/2023,15:35,Joy,Non-coffee,Choco Lava,Take away,1,25000,25000,2500,27500
338,8/10/2022,13:17,Lance,Non-coffee,Aqua,Take away,1,10000,10000,1000,11000
339,9/21/2022,11:45,Ming,Non-coffee,Aqua,Take away,9,10000,90000,9000,99000
340,10/26/2022,12:38,Jason,Coffee,Cappucino,Take away,2,27000,54000,5400,59400
341,8/23/2022,13:28,Ilham,Coffee,Latte,Take away,8,23000,184000,18400,202400
342,9/19/2022,13:23,Joy,Non-coffee,Strawberry Milkshake,Take away,7,18000,126000,12600,138600
343,7/1/2022,15:17,Lance,Non-coffee,Milk Tea,Take away,6,20000,120000,12000,132000
344,11/29/2022,19:27,Ming,Coffee,Americano,Take away,7,25000,175000,17500,192500
345,3/19/2023,13:43,Ferdi,Coffee,Cappucino,Take away,3,27000,81000,8100,89100
346,4/9/2023,19:35,Joy,Coffee,Americano,Take away,9,25000,225000,22500,247500
347,4/9/2023,15:01,Lance,Non-coffee,Vanilla Milkshake,Take away,7,18000,126000,12600,138600
348,7/22/2022,21:31,Ming,Non-coffee,Vanilla Milkshake,Take away,4,18000,72000,7200,79200
349,10/15/2022,19:46,Ferdi,Non-coffee,Vanilla Milkshake,Take away,2,18000,36000,3600,39600
350,9/1/2022,11:50,Ilham,Non-coffee,Milk Tea,Take away,2,20000,40000,4000,44000
351,2/15/2023,19:20,Jason,Coffee,Latte,Take away,1,23000,23000,2300,25300
352,8/10/2022,13:42,Dapid,Non-coffee,Choco Lava,Take away,4,25000,100000,10000,110000
353,12/17/2022,14:59,Dapid,Non-coffee,Aqua,Take away,4,10000,40000,4000,44000
354,4/3/2023,20:23,Ferdi,Non-coffee,Aqua,Take away,6,10000,60000,6000,66000
355,5/10/2023,16:46,Joy,Coffee,Cappucino,Take away,4,27000,108000,10800,118800
356,1/22/2023,10:32,Joy,Coffee,Latte,Take away,8,23000,184000,18400,202400
357,5/27/2023,11:54,Lance,Non-coffee,Strawberry Milkshake,Take away,10,18000,180000,18000,198000
358,7/25/2022,19:22,Ming,Non-coffee,Milk Tea,Take away,8,20000,160000,16000,176000
359,11/9/2022,11:55,Jason,Coffee,Americano,Take away,7,25000,175000,17500,192500
360,3/9/2023,15:39,Ilham,Coffee,Cappucino,Dine in,8,27000,216000,21600,237600
361,9/8/2022,18:24,Joy,Coffee,Americano,Dine in,2,25000,50000,5000,55000
362,3/8/2023,18:17,Lance,Non-coffee,Vanilla Milkshake,Dine in,2,18000,36000,3600,39600
363,9/21/2022,10:33,Ming,Non-coffee,Vanilla Milkshake,Dine in,6,18000,108000,10800,118800
364,9/21/2022,19:44,Ferdi,Non-coffee,Vanilla Milkshake,Dine in,8,18000,144000,14400,158400
365,7/25/2022,20:46,Ilham,Non-coffee,Milk Tea,Dine in,6,20000,120000,12000,132000
366,3/24/2023,18:26,Jason,Coffee,Latte,Dine in,1,23000,23000,2300,25300
367,12/7/2022,19:55,Dapid,Non-coffee,Choco Lava,Dine in,3,25000,75000,7500,82500
368,11/13/2022,16:51,Dapid,Non-coffee,Aqua,Take away,4,10000,40000,4000,44000
369,10/28/2022,18:26,Ferdi,Non-coffee,Aqua,Take away,6,10000,60000,6000,66000
370,7/9/2022,10:44,Joy,Coffee,Cappucino,Dine in,7,27000,189000,18900,207900
371,2/20/2023,21:10,Lance,Coffee,Latte,Dine in,3,23000,69000,6900,75900
372,8/1/2022,12:36,Ming,Non-coffee,Strawberry Milkshake,Dine in,8,18000,144000,14400,158400
373,12/14/2022,15:25,Ferdi,Non-coffee,Milk Tea,Take away,6,20000,120000,12000,132000
374,11/15/2022,16:00,Ilham,Coffee,Americano,Take away,6,25000,150000,15000,165000
375,3/10/2023,14:50,Jason,Coffee,Cappucino,Dine in,2,27000,54000,5400,59400
376,4/17/2023,16:18,Dapid,Coffee,Americano,Dine in,9,25000,225000,22500,247500
377,4/26/2023,10:02,Dapid,Non-coffee,Vanilla Milkshake,Dine in,5,18000,90000,9000,99000
378,4/20/2023,15:16,Ferdi,Non-coffee,Vanilla Milkshake,Take away,3,18000,54000,5400,59400
379,10/5/2022,10:20,Joy,Non-coffee,Vanilla Milkshake,Take away,3,18000,54000,5400,59400
380,4/26/2023,12:18,Joy,Non-coffee,Milk Tea,Dine in,5,20000,100000,10000,110000
381,5/8/2023,12:53,Lance,Coffee,Latte,Dine in,2,23000,46000,4600,50600
382,8/18/2022,16:58,Ming,Non-coffee,Choco Lava,Dine in,3,25000,75000,7500,82500
383,10/29/2022,16:37,Jason,Non-coffee,Aqua,Take away,5,10000,50000,5000,55000
384,1/2/2023,11:38,Ilham,Non-coffee,Aqua,Take away,8,10000,80000,8000,88000
385,7/30/2022,12:27,Joy,Coffee,Cappucino,Dine in,5,27000,135000,13500,148500
386,4/27/2023,10:35,Lance,Coffee,Latte,Dine in,4,23000,92000,9200,101200
387,10/19/2022,13:56,Ming,Non-coffee,Strawberry Milkshake,Dine in,5,18000,90000,9000,99000
388,9/29/2022,15:13,Ferdi,Non-coffee,Milk Tea,Take away,5,20000,100000,10000,110000
389,4/14/2023,16:06,Ilham,Coffee,Americano,Take away,2,25000,50000,5000,55000
390,9/7/2022,16:05,Jason,Coffee,Cappucino,Dine in,4,27000,108000,10800,118800
391,12/23/2022,19:14,Dapid,Coffee,Americano,Dine in,5,25000,125000,12500,137500
392,11/26/2022,11:11,Dapid,Non-coffee,Vanilla Milkshake,Dine in,5,18000,90000,9000,99000
393,12/9/2022,14:54,Ferdi,Non-coffee,Vanilla Milkshake,Take away,2,18000,36000,3600,39600
394,6/11/2022,19:49,Joy,Non-coffee,Vanilla Milkshake,Take away,5,18000,90000,9000,99000
395,2/11/2023,20:54,Lance,Non-coffee,Milk Tea,Dine in,5,20000,100000,10000,110000
396,4/28/2023,10:22,Ming,Coffee,Latte,Dine in,9,23000,207000,20700,227700
397,4/5/2023,17:12,Ferdi,Non-coffee,Choco Lava,Dine in,7,25000,175000,17500,192500
398,6/9/2023,21:34,Ilham,Non-coffee,Aqua,Take away,3,10000,30000,3000,33000
399,9/9/2022,14:09,Jason,Non-coffee,Aqua,Take away,8,10000,80000,8000,88000
400,12/17/2022,21:07,Dapid,Coffee,Cappucino,Dine in,6,27000,162000,16200,178200
401,2/8/2023,12:30,Dapid,Coffee,Latte,Dine in,5,23000,115000,11500,126500
402,7/18/2022,15:53,Ferdi,Non-coffee,Strawberry Milkshake,Dine in,4,18000,72000,7200,79200
403,2/14/2023,14:30,Joy,Non-coffee,Milk Tea,Take away,6,20000,120000,12000,132000
404,4/14/2023,10:55,Joy,Coffee,Americano,Take away,4,25000,100000,10000,110000
405,12/3/2022,17:59,Lance,Coffee,Cappucino,Dine in,5,27000,135000,13500,148500
406,8/4/2022,10:45,Ming,Coffee,Americano,Dine in,2,25000,50000,5000,55000
407,12/25/2022,16:22,Jason,Non-coffee,Vanilla Milkshake,Dine in,9,18000,162000,16200,178200
408,5/2/2023,17:02,Ilham,Non-coffee,Vanilla Milkshake,Take away,8,18000,144000,14400,158400
409,6/26/2022,15:42,Joy,Non-coffee,Vanilla Milkshake,Take away,8,18000,144000,14400,158400
410,3/19/2023,15:28,Lance,Non-coffee,Milk Tea,Dine in,8,20000,160000,16000,176000
411,3/9/2023,21:53,Ming,Coffee,Latte,Dine in,2,23000,46000,4600,50600
412,9/12/2022,16:16,Ferdi,Non-coffee,Choco Lava,Dine in,9,25000,225000,22500,247500
413,10/10/2022,12:31,Ilham,Non-coffee,Aqua,Take away,6,10000,60000,6000,66000
414,3/8/2023,10:36,Jason,Non-coffee,Aqua,Take away,4,10000,40000,4000,44000
415,6/22/2022,20:06,Dapid,Coffee,Cappucino,Dine in,6,27000,162000,16200,178200
416,6/25/2022,12:56,Dapid,Coffee,Latte,Dine in,4,23000,92000,9200,101200
417,2/22/2023,18:30,Ferdi,Non-coffee,Strawberry Milkshake,Dine in,9,18000,162000,16200,178200
418,11/19/2022,11:07,Joy,Non-coffee,Milk Tea,Take away,8,20000,160000,16000,176000
419,10/2/2022,18:36,Lance,Coffee,Americano,Take away,9,25000,225000,22500,247500
420,7/6/2022,14:02,Ming,Coffee,Cappucino,Dine in,3,27000,81000,8100,89100
421,3/22/2023,15:04,Ferdi,Coffee,Americano,Dine in,8,25000,200000,20000,220000
422,7/30/2022,14:38,Ilham,Non-coffee,Vanilla Milkshake,Dine in,9,18000,162000,16200,178200
423,2/3/2023,11:29,Jason,Non-coffee,Vanilla Milkshake,Take away,2,18000,36000,3600,39600
424,3/25/2023,18:56,Dapid,Non-coffee,Vanilla Milkshake,Take away,7,18000,126000,12600,138600
425,9/15/2022,19:34,Dapid,Non-coffee,Milk Tea,Dine in,9,20000,180000,18000,198000
426,11/26/2022,10:17,Ferdi,Coffee,Latte,Dine in,6,23000,138000,13800,151800
427,9/12/2022,20:37,Joy,Non-coffee,Choco Lava,Dine in,6,25000,150000,15000,165000
428,1/20/2023,19:47,Joy,Non-coffee,Aqua,Take away,1,10000,10000,1000,11000
429,1/16/2023,11:14,Lance,Non-coffee,Aqua,Take away,3,10000,30000,3000,33000
430,5/2/2023,14:24,Ming,Coffee,Cappucino,Dine in,7,27000,189000,18900,207900
431,7/2/2022,21:30,Jason,Coffee,Latte,Dine in,2,23000,46000,4600,50600
432,6/15/2022,19:47,Ilham,Non-coffee,Strawberry Milkshake,Dine in,7,18000,126000,12600,138600
433,8/26/2022,16:13,Joy,Non-coffee,Milk Tea,Take away,2,20000,40000,4000,44000
434,5/14/2023,16:02,Lance,Coffee,Americano,Take away,7,25000,175000,17500,192500
435,5/7/2023,13:12,Ming,Coffee,Cappucino,Dine in,7,27000,189000,18900,207900
436,12/1/2022,11:37,Ferdi,Coffee,Americano,Dine in,2,25000,50000,5000,55000
437,11/8/2022,15:43,Ilham,Non-coffee,Vanilla Milkshake,Dine in,10,18000,180000,18000,198000
438,11/5/2022,21:50,Jason,Non-coffee,Vanilla Milkshake,Take away,2,18000,36000,3600,39600
439,11/26/2022,21:09,Dapid,Non-coffee,Vanilla Milkshake,Take away,9,18000,162000,16200,178200
440,3/30/2023,18:09,Dapid,Non-coffee,Milk Tea,Dine in,9,20000,180000,18000,198000
441,11/19/2022,20:16,Ferdi,Coffee,Latte,Dine in,10,23000,230000,23000,253000
442,9/6/2022,18:04,Joy,Non-coffee,Choco Lava,Dine in,9,25000,225000,22500,247500
443,8/30/2022,10:53,Lance,Non-coffee,Aqua,Take away,3,10000,30000,3000,33000
444,7/26/2022,16:59,Lance,Non-coffee,Aqua,Take away,3,10000,30000,3000,33000
445,9/23/2022,11:29,Ferdi,Coffee,Cappucino,Dine in,7,27000,189000,18900,207900
446,10/19/2022,21:09,Jason,Coffee,Latte,Dine in,5,23000,115000,11500,126500
447,3/19/2023,18:37,Jason,Non-coffee,Strawberry Milkshake,Dine in,8,18000,144000,14400,158400
448,3/2/2023,16:38,Dapid,Non-coffee,Milk Tea,Take away,2,20000,40000,4000,44000
449,7/3/2022,12:34,Dapid,Coffee,Americano,Take away,6,25000,150000,15000,165000
450,8/13/2022,17:51,Ferdi,Coffee,Cappucino,Dine in,2,27000,54000,5400,59400
451,11/17/2022,13:49,Joy,Coffee,Americano,Dine in,8,25000,200000,20000,220000
452,9/30/2022,13:53,Joy,Non-coffee,Vanilla Milkshake,Dine in,7,18000,126000,12600,138600
453,6/2/2023,10:56,Lance,Non-coffee,Vanilla Milkshake,Take away,3,18000,54000,5400,59400
454,10/19/2022,21:49,Ming,Non-coffee,Vanilla Milkshake,Take away,4,18000,72000,7200,79200
455,10/5/2022,10:23,Jason,Non-coffee,Milk Tea,Dine in,8,20000,160000,16000,176000
456,7/21/2022,21:28,Jason,Coffee,Latte,Dine in,1,23000,23000,2300,25300
457,11/29/2022,11:05,Lance,Non-coffee,Choco Lava,Dine in,4,25000,100000,10000,110000
458,9/29/2022,14:44,Lance,Non-coffee,Aqua,Take away,9,10000,90000,9000,99000
459,12/28/2022,14:53,Ferdi,Non-coffee,Aqua,Take away,5,10000,50000,5000,55000
460,9/8/2022,16:50,Jason,Coffee,Cappucino,Dine in,6,27000,162000,16200,178200
461,5/2/2023,12:18,Jason,Coffee,Latte,Dine in,7,23000,161000,16100,177100
462,5/19/2023,20:24,Dapid,Non-coffee,Strawberry Milkshake,Dine in,7,18000,126000,12600,138600
463,3/23/2023,15:39,Dapid,Non-coffee,Milk Tea,Take away,9,20000,180000,18000,198000
464,11/13/2022,14:04,Ferdi,Coffee,Americano,Take away,8,25000,200000,20000,220000
465,12/25/2022,10:40,Joy,Coffee,Cappucino,Dine in,8,27000,216000,21600,237600
466,10/2/2022,19:37,Joy,Coffee,Americano,Dine in,10,25000,250000,25000,275000
467,11/6/2022,11:35,Lance,Non-coffee,Vanilla Milkshake,Dine in,7,18000,126000,12600,138600
468,4/30/2023,20:41,Ming,Non-coffee,Vanilla Milkshake,Take away,5,18000,90000,9000,99000
469,6/28/2022,15:21,Jason,Non-coffee,Vanilla Milkshake,Take away,3,18000,54000,5400,59400
470,7/16/2022,18:19,Jason,Non-coffee,Milk Tea,Dine in,4,20000,80000,8000,88000
471,11/3/2022,12:35,Lance,Coffee,Latte,Dine in,1,23000,23000,2300,25300
472,6/29/2022,14:23,Lance,Non-coffee,Choco Lava,Dine in,8,25000,200000,20000,220000
473,6/19/2022,18:18,Ferdi,Non-coffee,Aqua,Take away,8,10000,80000,8000,88000
474,9/11/2022,19:03,Jason,Non-coffee,Aqua,Take away,3,10000,30000,3000,33000
475,8/4/2022,12:08,Jason,Coffee,Cappucino,Dine in,3,27000,81000,8100,89100
476,2/22/2023,11:30,Dapid,Coffee,Latte,Dine in,6,23000,138000,13800,151800
477,12/22/2022,18:39,Dapid,Non-coffee,Strawberry Milkshake,Take away,8,18000,144000,14400,158400
478,11/26/2022,11:09,Ferdi,Non-coffee,Milk Tea,Take away,9,20000,180000,18000,198000
479,11/26/2022,21:58,Joy,Coffee,Americano,Dine in,3,25000,75000,7500,82500
480,11/5/2022,17:34,Joy,Coffee,Cappucino,Dine in,2,27000,54000,5400,59400
481,6/23/2022,15:39,Lance,Coffee,Americano,Take away,5,25000,125000,12500,137500
482,5/11/2023,20:58,Ming,Non-coffee,Vanilla Milkshake,Take away,3,18000,54000,5400,59400
483,9/4/2022,11:44,Jason,Non-coffee,Vanilla Milkshake,Dine in,7,18000,126000,12600,138600
484,8/26/2022,10:16,Jason,Non-coffee,Vanilla Milkshake,Dine in,3,18000,54000,5400,59400
485,12/9/2022,18:17,Lance,Non-coffee,Milk Tea,Take away,4,20000,80000,8000,88000
486,12/10/2022,19:58,Lance,Coffee,Latte,Take away,2,23000,46000,4600,50600
487,7/16/2022,21:26,Ferdi,Non-coffee,Choco Lava,Dine in,6,25000,150000,15000,165000
488,5/31/2023,14:25,Jason,Non-coffee,Aqua,Dine in,3,10000,30000,3000,33000
489,1/6/2023,20:40,Jason,Non-coffee,Aqua,Take away,7,10000,70000,7000,77000
490,10/3/2022,10:07,Dapid,Coffee,Cappucino,Take away,10,27000,270000,27000,297000
491,1/28/2023,10:54,Dapid,Coffee,Latte,Dine in,9,23000,207000,20700,227700
492,6/7/2023,18:53,Ferdi,Non-coffee,Strawberry Milkshake,Dine in,1,18000,18000,1800,19800
493,7/20/2022,11:20,Joy,Non-coffee,Milk Tea,Take away,3,20000,60000,6000,66000
494,3/1/2023,12:26,Joy,Coffee,Americano,Take away,9,25000,225000,22500,247500
495,2/22/2023,19:46,Lance,Coffee,Cappucino,Dine in,10,27000,270000,27000,297000
496,11/25/2022,12:45,Ming,Coffee,Americano,Dine in,3,25000,75000,7500,82500
497,10/28/2022,11:49,Jason,Non-coffee,Vanilla Milkshake,Take away,6,18000,108000,10800,118800
498,1/2/2023,21:41,Jason,Non-coffee,Vanilla Milkshake,Take away,5,18000,90000,9000,99000
499,1/1/2023,14:11,Lance,Non-coffee,Vanilla Milkshake,Dine in,3,18000,54000,5400,59400
500,4/14/2023,20:54,Lance,Non-coffee,Milk Tea,Dine in,4,20000,80000,8000,88000
501,9/5/2022,19:36,Ferdi,Coffee,Latte,Take away,7,23000,161000,16100,177100
502,10/18/2022,20:41,Jason,Non-coffee,Choco Lava,Take away,9,25000,225000,22500,247500
503,7/24/2022,21:47,Jason,Non-coffee,Aqua,Dine in,4,10000,40000,4000,44000
504,1/6/2023,20:06,Dapid,Non-coffee,Aqua,Dine in,5,10000,50000,5000,55000
505,12/5/2022,15:47,Dapid,Coffee,Cappucino,Take away,3,27000,81000,8100,89100
506,12/8/2022,16:56,Ferdi,Coffee,Latte,Take away,5,23000,115000,11500,126500
507,2/19/2023,13:24,Joy,Non-coffee,Strawberry Milkshake,Dine in,3,18000,54000,5400,59400
508,9/5/2022,20:23,Joy,Non-coffee,Milk Tea,Dine in,10,20000,200000,20000,220000
509,12/24/2022,17:13,Lance,Coffee,Americano,Take away,2,25000,50000,5000,55000
510,6/24/2022,11:20,Ming,Coffee,Cappucino,Take away,9,27000,243000,24300,267300
511,9/18/2022,13:21,Jason,Coffee,Americano,Dine in,3,25000,75000,7500,82500
512,2/25/2023,18:37,Jason,Non-coffee,Vanilla Milkshake,Dine in,2,18000,36000,3600,39600
513,6/3/2023,16:33,Lance,Non-coffee,Vanilla Milkshake,Take away,10,18000,180000,18000,198000
514,8/11/2022,14:01,Lance,Non-coffee,Vanilla Milkshake,Take away,3,18000,54000,5400,59400
515,6/23/2022,10:16,Ferdi,Non-coffee,Milk Tea,Dine in,7,20000,140000,14000,154000
516,10/9/2022,19:36,Jason,Coffee,Latte,Dine in,4,23000,92000,9200,101200
517,5/25/2023,20:41,Jason,Non-coffee,Choco Lava,Take away,4,25000,100000,10000,110000
518,12/12/2022,21:47,Dapid,Non-coffee,Aqua,Take away,2,10000,20000,2000,22000
519,9/2/2022,20:06,Dapid,Non-coffee,Aqua,Dine in,5,10000,50000,5000,55000
520,12/6/2022,15:47,Ferdi,Coffee,Cappucino,Dine in,7,27000,189000,18900,207900
521,6/21/2022,16:56,Joy,Coffee,Latte,Take away,5,23000,115000,11500,126500
522,9/21/2022,13:24,Joy,Non-coffee,Strawberry Milkshake,Take away,7,18000,126000,12600,138600
523,1/10/2023,20:23,Lance,Non-coffee,Milk Tea,Dine in,8,20000,160000,16000,176000
524,10/30/2022,17:13,Ming,Coffee,Americano,Dine in,1,25000,25000,2500,27500
525,3/27/2023,11:20,Jason,Coffee,Cappucino,Take away,10,27000,270000,27000,297000
526,1/22/2023,13:21,Jason,Coffee,Americano,Take away,7,25000,175000,17500,192500
527,8/12/2022,18:37,Lance,Non-coffee,Vanilla Milkshake,Dine in,5,18000,90000,9000,99000
528,1/11/2023,16:33,Lance,Non-coffee,Vanilla Milkshake,Dine in,9,18000,162000,16200,178200
529,12/9/2022,14:01,Ferdi,Non-coffee,Vanilla Milkshake,Take away,5,18000,90000,9000,99000
530,6/18/2022,10:16,Jason,Non-coffee,Milk Tea,Take away,3,20000,60000,6000,66000
531,1/3/2023,19:36,Jason,Coffee,Latte,Dine in,7,23000,161000,16100,177100
532,2/13/2023,20:41,Dapid,Non-coffee,Choco Lava,Dine in,8,25000,200000,20000,220000
533,4/5/2023,21:47,Dapid,Non-coffee,Aqua,Take away,1,10000,10000,1000,11000
534,8/20/2022,20:06,Ferdi,Non-coffee,Aqua,Take away,10,10000,100000,10000,110000
535,9/20/2022,15:47,Joy,Coffee,Cappucino,Dine in,7,27000,189000,18900,207900
536,7/9/2022,16:56,Joy,Coffee,Latte,Dine in,5,23000,115000,11500,126500
537,10/31/2022,13:24,Lance,Non-coffee,Strawberry Milkshake,Take away,9,18000,162000,16200,178200
538,11/16/2022,20:23,Ming,Non-coffee,Milk Tea,Take away,5,20000,100000,10000,110000
539,9/11/2022,17:13,Lance,Coffee,Americano,Dine in,3,25000,75000,7500,82500
540,7/29/2022,11:20,Lance,Coffee,Cappucino,Dine in,7,27000,189000,18900,207900
541,12/9/2022,13:21,Ferdi,Coffee,Americano,Take away,8,25000,200000,20000,220000
542,2/28/2023,18:37,Jason,Non-coffee,Vanilla Milkshake,Take away,1,18000,18000,1800,19800
543,6/1/2023,16:33,Jason,Non-coffee,Vanilla Milkshake,Dine in,10,18000,180000,18000,198000
544,6/28/2022,14:01,Dapid,Non-coffee,Vanilla Milkshake,Dine in,7,18000,126000,12600,138600
545,10/7/2022,10:16,Dapid,Non-coffee,Milk Tea,Take away,5,20000,100000,10000,110000
546,10/10/2022,19:36,Ferdi,Coffee,Latte,Take away,9,23000,207000,20700,227700
547,10/20/2022,20:41,Dapid,Non-coffee,Choco Lava,Dine in,5,25000,125000,12500,137500
548,8/12/2022,21:47,Joy,Non-coffee,Aqua,Dine in,3,10000,30000,3000,33000
549,5/21/2023,20:06,Dapid,Non-coffee,Aqua,Take away,1,10000,10000,1000,11000
550,5/24/2023,15:47,Ming,Coffee,Cappucino,Take away,2,27000,54000,5400,59400
551,5/5/2023,16:56,Dapid,Coffee,Latte,Dine in,2,23000,46000,4600,50600
552,5/27/2023,13:24,Jason,Non-coffee,Strawberry Milkshake,Dine in,3,18000,54000,5400,59400
553,11/22/2022,20:23,Lance,Non-coffee,Milk Tea,Take away,1,20000,20000,2000,22000
554,10/27/2022,17:13,Lance,Coffee,Americano,Take away,3,25000,75000,7500,82500
555,3/9/2023,11:20,Ferdi,Coffee,Cappucino,Dine in,5,27000,135000,13500,148500
556,12/19/2022,13:21,Jason,Coffee,Americano,Dine in,1,25000,25000,2500,27500
557,2/1/2023,18:37,Lance,Non-coffee,Vanilla Milkshake,Take away,2,18000,36000,3600,39600
558,1/7/2023,16:33,Lance,Non-coffee,Vanilla Milkshake,Take away,1,18000,18000,1800,19800
559,6/18/2022,14:01,Ferdi,Non-coffee,Vanilla Milkshake,Dine in,5,18000,90000,9000,99000
560,5/17/2023,10:16,Jason,Non-coffee,Milk Tea,Dine in,5,20000,100000,10000,110000
561,9/20/2022,19:36,Jason,Coffee,Latte,Take away,6,23000,138000,13800,151800
562,6/30/2022,20:41,Dapid,Non-coffee,Choco Lava,Take away,1,25000,25000,2500,27500
563,12/23/2022,21:47,Dapid,Non-coffee,Aqua,Dine in,2,10000,20000,2000,22000
564,11/8/2022,20:06,Ferdi,Non-coffee,Aqua,Dine in,1,10000,10000,1000,11000
565,3/4/2023,15:47,Dapid,Coffee,Cappucino,Take away,2,27000,54000,5400,59400
566,8/8/2022,16:56,Joy,Coffee,Latte,Take away,2,23000,46000,4600,50600
567,6/12/2022,13:24,Dapid,Non-coffee,Strawberry Milkshake,Dine in,3,18000,54000,5400,59400
568,12/24/2022,20:23,Ming,Non-coffee,Milk Tea,Dine in,1,20000,20000,2000,22000
569,9/1/2022,17:13,Dapid,Coffee,Americano,Take away,3,25000,75000,7500,82500
570,9/5/2022,11:20,Jason,Coffee,Cappucino,Take away,5,27000,135000,13500,148500
571,1/23/2023,13:21,Lance,Coffee,Americano,Dine in,1,25000,25000,2500,27500
572,6/10/2022,18:37,Lance,Non-coffee,Vanilla Milkshake,Dine in,2,18000,36000,3600,39600
573,4/10/2023,16:33,Ferdi,Non-coffee,Vanilla Milkshake,Take away,1,18000,18000,1800,19800
574,2/9/2023,14:01,Jason,Non-coffee,Vanilla Milkshake,Take away,5,18000,90000,9000,99000
575,4/4/2023,10:16,Lance,Non-coffee,Milk Tea,Dine in,5,20000,100000,10000,110000
576,6/17/2022,19:36,Lance,Coffee,Latte,Dine in,6,23000,138000,13800,151800
577,5/29/2023,20:41,Ferdi,Non-coffee,Choco Lava,Take away,1,25000,25000,2500,27500
578,5/8/2023,21:47,Jason,Non-coffee,Aqua,Take away,2,10000,20000,2000,22000
579,3/25/2023,20:06,Jason,Non-coffee,Aqua,Dine in,1,10000,10000,1000,11000
580,10/28/2022,15:47,Dapid,Coffee,Cappucino,Dine in,2,27000,54000,5400,59400
581,4/1/2023,16:56,Dapid,Coffee,Latte,Take away,2,23000,46000,4600,50600
582,3/7/2023,13:24,Ferdi,Non-coffee,Strawberry Milkshake,Take away,3,18000,54000,5400,59400
583,5/5/2023,20:23,Dapid,Non-coffee,Milk Tea,Dine in,1,20000,20000,2000,22000
584,5/13/2023,17:13,Joy,Coffee,Americano,Dine in,3,25000,75000,7500,82500
585,4/27/2023,11:20,Dapid,Coffee,Cappucino,Take away,5,27000,135000,13500,148500
586,4/11/2023,13:21,Ming,Coffee,Americano,Take away,1,25000,25000,2500,27500
587,3/24/2023,18:37,Dapid,Non-coffee,Vanilla Milkshake,Dine in,2,18000,36000,3600,39600
588,4/22/2023,16:33,Jason,Non-coffee,Vanilla Milkshake,Dine in,1,18000,18000,1800,19800
589,10/5/2022,14:01,Ilham,Non-coffee,Vanilla Milkshake,Take away,5,18000,90000,9000,99000
590,6/28/2022,10:16,Lance,Non-coffee,Milk Tea,Take away,5,20000,100000,10000,110000
591,3/7/2023,19:36,Ming,Coffee,Latte,Dine in,6,23000,138000,13800,151800
592,9/10/2022,20:41,Ilham,Non-coffee,Choco Lava,Dine in,1,25000,25000,2500,27500
593,4/16/2023,21:47,Jason,Non-coffee,Aqua,Take away,2,10000,20000,2000,22000
594,7/27/2022,20:06,Ilham,Non-coffee,Aqua,Take away,1,10000,10000,1000,11000
595,12/17/2022,15:47,Ming,Coffee,Cappucino,Dine in,2,27000,54000,5400,59400
596,6/12/2022,16:56,Ferdi,Coffee,Latte,Dine in,2,23000,46000,4600,50600
597,9/4/2022,13:24,ilham,Non-coffee,Strawberry Milkshake,Take away,3,18000,54000,5400,59400
598,11/14/2022,20:23,Joy,Non-coffee,Milk Tea,Take away,1,20000,20000,2000,22000
599,10/13/2022,17:13,Ming,Coffee,Americano,Dine in,3,25000,75000,7500,82500
600,8/6/2022,11:20,Ming,Coffee,Cappucino,Dine in,5,27000,135000,13500,148500
601,5/25/2023,13:21,Dapid,Coffee,Americano,Take away,1,25000,25000,2500,27500
602,12/14/2022,18:37,Jason,Non-coffee,Vanilla Milkshake,Take away,2,18000,36000,3600,39600
603,2/25/2023,16:33,ilham,Non-coffee,Vanilla Milkshake,Dine in,1,18000,18000,1800,19800
604,11/11/2022,14:01,Lance,Non-coffee,Vanilla Milkshake,Dine in,5,18000,90000,9000,99000
605,6/13/2022,10:16,Ming,Non-coffee,Milk Tea,Take away,5,20000,100000,10000,110000
606,12/8/2022,19:36,ilham,Coffee,Latte,Take away,6,23000,138000,13800,151800
607,11/22/2022,20:41,Jason,Non-coffee,Choco Lava,Dine in,1,25000,25000,2500,27500
608,12/20/2022,21:47,ilham,Non-coffee,Aqua,Dine in,2,10000,20000,2000,22000
609,11/6/2022,20:06,Ming,Non-coffee,Aqua,Take away,1,10000,10000,1000,11000
610,11/29/2022,15:47,Ferdi,Coffee,Cappucino,Take away,2,27000,54000,5400,59400
611,12/15/2022,16:56,ilham,Coffee,Latte,Dine in,2,23000,46000,4600,50600
612,4/3/2023,13:24,Joy,Non-coffee,Strawberry Milkshake,Dine in,3,18000,54000,5400,59400
613,5/8/2023,20:23,Ming,Non-coffee,Milk Tea,Take away,1,20000,20000,2000,22000
614,7/21/2022,17:13,Ming,Coffee,Americano,Dine in,3,25000,75000,7500,82500
615,8/18/2022,11:20,Dapid,Coffee,Cappucino,Dine in,5,27000,135000,13500,148500
616,3/11/2023,13:21,Jason,Coffee,Americano,Take away,1,25000,25000,2500,27500
617,10/1/2023,17:14,Ferdi,Toast,Egg and Cheese,Dine in,1,27000,27000,2700,29700
618,7/2/2023,21:57,Joy,Toast,Spicy Bulgogy,Dine in,1,35000,35000,3500,38500
619,8/23/2022,20:05,Lance,Toast,Egg and Cheese,Dine in,1,27000,27000,2700,29700
620,6/4/2023,11:44,Ming,Toast,Spicy Bulgogy,Dine in,1,35000,35000,3500,38500
621,10/13/2022,20:10,Ferdi,Toast,Egg and Cheese,Dine in,1,27000,27000,2700,29700
622,12/5/2023,21:27,Ilham,Toast,Spicy Bulgogy,Dine in,1,35000,35000,3500,38500
623,3/7/2023,13:30,Jason,Toast,Egg and Cheese,Dine in,1,27000,27000,2700,29700
624,11/20/2022,10:36,Dapid,Toast,Spicy Bulgogy,Dine in,1,35000,35000,3500,38500
625,9/21/2022,15:53,Dapid,Toast,Egg and Cheese,Take away,1,27000,27000,2700,29700
626,5/2/2023,14:35,Ferdi,Toast,Spicy Bulgogy,Take away,1,35000,35000,3500,38500
627,8/28/2022,19:43,Joy,Toast,Egg and Cheese,Dine in,1,27000,27000,2700,29700
628,3/23/2023,13:22,Joy,Toast,Spicy Bulgogy,Dine in,1,35000,35000,3500,38500
629,7/21/2022,20:07,Lance,Toast,Egg and Cheese,Dine in,1,27000,27000,2700,29700
630,7/6/2022,10:34,Ming,Toast,Spicy Bulgogy,Take away,1,35000,35000,3500,38500
631,8/4/2022,20:10,Jason,Toast,Egg and Cheese,Take away,1,27000,27000,2700,29700
632,1/3/2023,21:06,Ilham,Toast,Spicy Bulgogy,Dine in,1,35000,35000,3500,38500
633,5/12/2023,20:45,Joy,Toast,Egg and Cheese,Dine in,2,27000,54000,5400,59400
634,8/15/2022,17:15,Lance,Toast,Spicy Bulgogy,Dine in,2,35000,70000,7000,77000
635,6/25/2022,16:14,Ming,Toast,Egg and Cheese,Take away,3,27000,81000,8100,89100
636,1/13/2023,20:36,Ferdi,Toast,Spicy Bulgogy,Take away,1,35000,35000,3500,38500
637,8/23/2022,21:23,Ilham,Toast,Egg and Cheese,Dine in,3,27000,81000,8100,89100
638,5/6/2023,21:21,Jason,Toast,Spicy Bulgogy,Dine in,5,35000,175000,17500,192500
639,12/16/2022,13:05,Dapid,Toast,Egg and Cheese,Dine in,1,27000,27000,2700,29700
640,2/3/2023,17:32,Dapid,Toast,Spicy Bulgogy,Take away,2,35000,70000,7000,77000
641,10/25/2022,11:24,Ferdi,Toast,Egg and Cheese,Take away,1,27000,27000,2700,29700
642,1/10/2023,19:50,Joy,Toast,Spicy Bulgogy,Dine in,5,35000,175000,17500,192500
643,5/12/2023,18:09,Lance,Toast,Egg and Cheese,Dine in,5,27000,135000,13500,148500
644,9/30/2022,15:43,Ming,Toast,Spicy Bulgogy,Dine in,6,35000,210000,21000,231000
645,4/26/2023,21:50,Ferdi,Toast,Egg and Cheese,Take away,1,27000,27000,2700,29700
646,7/29/2022,21:09,Ilham,Toast,Spicy Bulgogy,Take away,2,35000,70000,7000,77000
647,3/2/2023,18:09,Jason,Toast,Egg and Cheese,Dine in,4,27000,108000,10800,118800
648,12/20/2022,20:16,Dapid,Toast,Spicy Bulgogy,Dine in,8,35000,280000,28000,308000
649,3/20/2023,18:04,Dapid,Toast,Egg and Cheese,Dine in,2,27000,54000,5400,59400
650,5/13/2023,10:53,Ferdi,Toast,Spicy Bulgogy,Take away,10,35000,350000,35000,385000
651,6/24/2022,16:59,Joy,Toast,Egg and Cheese,Take away,7,27000,189000,18900,207900
652,2/24/2023,11:29,Joy,Toast,Spicy Bulgogy,Dine in,9,35000,315000,31500,346500
653,9/1/2022,21:09,Lance,Toast,Egg and Cheese,Dine in,8,27000,216000,21600,237600
654,12/30/2022,18:37,Ming,Toast,Spicy Bulgogy,Dine in,6,35000,210000,21000,231000
655,8/10/2022,16:38,Jason,Toast,Egg and Cheese,Take away,4,27000,108000,10800,118800
656,2/12/2023,12:34,Ilham,Toast,Spicy Bulgogy,Take away,8,35000,280000,28000,308000
657,1/24/2023,17:51,Joy,Toast,Egg and Cheese,Dine in,7,27000,189000,18900,207900
658,12/16/2022,13:49,Lance,Toast,Spicy Bulgogy,Dine in,4,35000,140000,14000,154000
659,11/9/2022,13:53,Ming,Toast,Egg and Cheese,Dine in,9,27000,243000,24300,267300
660,12/14/2022,10:56,Ferdi,Toast,Spicy Bulgogy,Take away,7,35000,245000,24500,269500
661,7/23/2022,21:49,Ilham,Toast,Egg and Cheese,Take away,3,27000,81000,8100,89100
662,5/20/2023,10:23,Jason,Toast,Spicy Bulgogy,Dine in,5,35000,175000,17500,192500
663,10/2/2022,21:28,Dapid,Toast,Egg and Cheese,Dine in,2,27000,54000,5400,59400
664,6/30/2022,11:05,Dapid,Toast,Spicy Bulgogy,Dine in,7,35000,245000,24500,269500
665,9/27/2022,14:44,Ferdi,Toast,Egg and Cheese,Take away,8,27000,216000,21600,237600
666,12/21/2022,14:53,Joy,Toast,Spicy Bulgogy,Take away,9,35000,315000,31500,346500
667,9/2/2022,16:50,Lance,Toast,Egg and Cheese,Dine in,7,27000,189000,18900,207900
668,2/25/2023,12:18,Ming,Toast,Spicy Bulgogy,Dine in,8,35000,280000,28000,308000
669,12/28/2022,20:24,Ferdi,Toast,Egg and Cheese,Dine in,3,27000,81000,8100,89100
670,5/25/2023,15:39,Ilham,Toast,Spicy Bulgogy,Take away,7,35000,245000,24500,269500
671,8/10/2022,14:04,Jason,Toast,Egg and Cheese,Take away,6,27000,162000,16200,178200
672,9/21/2022,10:40,Dapid,Toast,Spicy Bulgogy,Dine in,2,35000,70000,7000,77000
673,10/26/2022,19:37,Dapid,Toast,Egg and Cheese,Dine in,3,27000,81000,8100,89100
674,8/23/2022,11:35,Ferdi,Toast,Spicy Bulgogy,Dine in,6,35000,210000,21000,231000
675,9/19/2022,20:41,Joy,Toast,Egg and Cheese,Take away,1,27000,27000,2700,29700
676,7/1/2022,15:21,Joy,Toast,Spicy Bulgogy,Take away,4,35000,140000,14000,154000
677,11/29/2022,18:19,Lance,Toast,Egg and Cheese,Dine in,10,27000,270000,27000,297000
678,3/19/2023,12:35,Ming,Toast,Spicy Bulgogy,Dine in,5,35000,175000,17500,192500
679,4/9/2023,14:23,Jason,Toast,Egg and Cheese,Dine in,1,27000,27000,2700,29700
680,4/9/2023,18:18,Ilham,Toast,Spicy Bulgogy,Take away,8,35000,280000,28000,308000
681,7/22/2022,19:03,Joy,Toast,Egg and Cheese,Take away,4,27000,108000,10800,118800
682,10/15/2022,12:08,Lance,Toast,Spicy Bulgogy,Dine in,4,35000,140000,14000,154000
683,9/1/2022,11:30,Ming,Toast,Egg and Cheese,Dine in,4,27000,108000,10800,118800
684,2/15/2023,18:39,Ferdi,Toast,Spicy Bulgogy,Dine in,4,35000,140000,14000,154000
685,8/10/2022,11:09,Ilham,Toast,Egg and Cheese,Take away,4,27000,108000,10800,118800
686,12/17/2022,21:58,Jason,Toast,Spicy Bulgogy,Take away,9,35000,315000,31500,346500
687,4/3/2023,17:34,Dapid,Toast,Egg and Cheese,Dine in,10,27000,270000,27000,297000
688,5/10/2023,15:39,Dapid,Toast,Spicy Bulgogy,Dine in,1,35000,35000,3500,38500
689,1/22/2023,20:58,Ferdi,Toast,Egg and Cheese,Dine in,10,27000,270000,27000,297000
690,5/27/2023,11:44,Joy,Toast,Spicy Bulgogy,Take away,5,35000,175000,17500,192500
691,7/25/2022,10:16,Lance,Toast,Egg and Cheese,Take away,9,27000,243000,24300,267300
692,11/9/2022,18:17,Ming,Toast,Spicy Bulgogy,Dine in,2,35000,70000,7000,77000
693,3/9/2023,19:58,Ferdi,Toast,Egg and Cheese,Dine in,7,27000,189000,18900,207900
694,9/8/2022,21:26,Ilham,Toast,Spicy Bulgogy,Dine in,4,35000,140000,14000,154000
695,3/8/2023,14:25,Jason,Toast,Egg and Cheese,Take away,1,27000,27000,2700,29700
696,9/21/2022,20:40,Dapid,Toast,Spicy Bulgogy,Take away,7,35000,245000,24500,269500
697,9/21/2022,10:07,Dapid,Toast,Egg and Cheese,Dine in,2,27000,54000,5400,59400
698,7/25/2022,10:54,Ferdi,Toast,Spicy Bulgogy,Dine in,2,35000,70000,7000,77000
699,3/24/2023,18:53,Joy,Toast,Egg and Cheese,Dine in,4,27000,108000,10800,118800
700,12/7/2022,11:20,Joy,Toast,Spicy Bulgogy,Take away,3,35000,105000,10500,115500
701,11/13/2022,12:26,Lance,Toast,Egg and Cheese,Take away,7,27000,189000,18900,207900
702,10/28/2022,19:46,Ming,Toast,Spicy Bulgogy,Dine in,3,35000,105000,10500,115500
703,7/9/2022,12:45,Jason,Toast,Egg and Cheese,Dine in,10,27000,270000,27000,297000
704,2/20/2023,11:49,Ilham,Toast,Spicy Bulgogy,Dine in,5,35000,175000,17500,192500
705,8/1/2022,21:41,Joy,Toast,Egg and Cheese,Take away,3,27000,81000,8100,89100
706,12/14/2022,14:11,Lance,Toast,Spicy Bulgogy,Take away,5,35000,175000,17500,192500
707,11/15/2022,20:54,Ming,Toast,Egg and Cheese,Dine in,8,27000,216000,21600,237600
708,3/10/2023,19:36,Ferdi,Toast,Spicy Bulgogy,Dine in,10,35000,350000,35000,385000
709,4/17/2023,20:41,Joy,Toast,Egg and Cheese,Dine in,8,27000,216000,21600,237600
710,4/26/2023,21:47,Lance,Toast,Spicy Bulgogy,Take away,4,35000,140000,14000,154000
711,4/20/2023,20:06,Ming,Toast,Egg and Cheese,Take away,10,27000,270000,27000,297000
712,10/5/2022,15:47,Ferdi,Toast,Spicy Bulgogy,Dine in,6,35000,210000,21000,231000
713,4/26/2023,16:56,Ilham,Toast,Egg and Cheese,Dine in,8,27000,216000,21600,237600
714,5/8/2023,13:24,Jason,Toast,Spicy Bulgogy,Dine in,7,35000,245000,24500,269500
715,8/18/2022,20:23,Dapid,Toast,Egg and Cheese,Take away,5,27000,135000,13500,148500
716,10/29/2022,17:13,Dapid,Toast,Spicy Bulgogy,Take away,8,35000,280000,28000,308000
717,1/2/2023,11:20,Ferdi,Toast,Egg and Cheese,Dine in,6,27000,162000,16200,178200
718,7/30/2022,13:21,Joy,Toast,Spicy Bulgogy,Dine in,5,35000,175000,17500,192500
719,4/27/2023,18:37,Joy,Toast,Egg and Cheese,Dine in,4,27000,108000,10800,118800
720,10/19/2022,16:33,Lance,Toast,Spicy Bulgogy,Take away,6,35000,210000,21000,231000
721,9/29/2022,14:01,Ming,Toast,Egg and Cheese,Take away,4,27000,108000,10800,118800
722,4/14/2023,10:16,Jason,Toast,Spicy Bulgogy,Dine in,5,35000,175000,17500,192500
723,9/7/2022,19:36,Ilham,Toast,Egg and Cheese,Dine in,2,27000,54000,5400,59400
724,12/23/2022,20:41,Joy,Toast,Spicy Bulgogy,Dine in,9,35000,315000,31500,346500
725,11/26/2022,21:47,Lance,Toast,Egg and Cheese,Take away,8,27000,216000,21600,237600
726,12/9/2022,20:06,Ming,Toast,Spicy Bulgogy,Take away,8,35000,280000,28000,308000
727,6/11/2022,15:47,Ferdi,Toast,Egg and Cheese,Dine in,8,27000,216000,21600,237600
728,2/11/2023,16:56,Ilham,Toast,Spicy Bulgogy,Dine in,2,35000,70000,7000,77000
729,4/28/2023,13:24,Jason,Toast,Egg and Cheese,Dine in,9,27000,243000,24300,267300
730,4/5/2023,20:23,Dapid,Toast,Spicy Bulgogy,Take away,6,35000,210000,21000,231000
731,6/9/2023,17:13,Dapid,Toast,Egg and Cheese,Take away,4,27000,108000,10800,118800
732,9/9/2022,11:20,Ferdi,Toast,Spicy Bulgogy,Dine in,6,35000,210000,21000,231000
733,12/17/2022,13:21,Joy,Toast,Egg and Cheese,Dine in,4,27000,108000,10800,118800
734,2/19/2023,18:37,Lance,Toast,Spicy Bulgogy,Dine in,9,35000,315000,31500,346500
735,9/5/2022,16:33,Ming,Toast,Egg and Cheese,Take away,8,27000,216000,21600,237600
736,12/24/2022,14:01,Ferdi,Toast,Spicy Bulgogy,Take away,9,35000,315000,31500,346500
737,6/24/2022,10:16,Ilham,Toast,Egg and Cheese,Dine in,3,27000,81000,8100,89100
738,9/18/2022,19:36,Jason,Toast,Spicy Bulgogy,Dine in,8,35000,280000,28000,308000
739,2/25/2023,20:41,Dapid,Toast,Egg and Cheese,Dine in,9,27000,243000,24300,267300
740,6/3/2023,21:47,Dapid,Toast,Spicy Bulgogy,Take away,2,35000,70000,7000,77000
741,8/11/2022,20:06,Ferdi,Toast,Egg and Cheese,Take away,7,27000,189000,18900,207900
742,6/23/2022,15:47,Joy,Toast,Spicy Bulgogy,Dine in,9,35000,315000,31500,346500
743,10/9/2022,16:56,Joy,Toast,Egg and Cheese,Dine in,6,27000,162000,16200,178200
744,5/25/2023,13:24,Lance,Toast,Spicy Bulgogy,Dine in,6,35000,210000,21000,231000
745,12/12/2022,20:23,Ming,Toast,Egg and Cheese,Take away,1,27000,27000,2700,29700
746,9/2/2022,17:13,Jason,Toast,Spicy Bulgogy,Take away,3,35000,105000,10500,115500
747,12/6/2022,11:20,Ilham,Toast,Egg and Cheese,Dine in,7,27000,189000,18900,207900
748,6/21/2022,13:21,Joy,Toast,Spicy Bulgogy,Dine in,2,35000,70000,7000,77000
749,9/21/2022,18:37,Lance,Toast,Egg and Cheese,Dine in,7,27000,189000,18900,207900
750,1/10/2023,16:33,Ming,Toast,Spicy Bulgogy,Take away,2,35000,70000,7000,77000
751,10/30/2022,14:01,Ferdi,Toast,Egg and Cheese,Take away,7,27000,189000,18900,207900
752,3/27/2023,10:16,Ilham,Toast,Spicy Bulgogy,Dine in,7,35000,245000,24500,269500
753,1/22/2023,19:36,Jason,Toast,Egg and Cheese,Dine in,2,27000,54000,5400,59400
754,8/12/2022,20:41,Dapid,Toast,Spicy Bulgogy,Dine in,10,35000,350000,35000,385000
755,1/11/2023,21:47,Dapid,Toast,Egg and Cheese,Take away,2,27000,54000,5400,59400
756,12/9/2022,20:06,Ferdi,Toast,Spicy Bulgogy,Take away,9,35000,315000,31500,346500
757,6/18/2022,15:47,Joy,Toast,Egg and Cheese,Dine in,9,27000,243000,24300,267300
758,1/3/2023,16:56,Lance,Toast,Spicy Bulgogy,Dine in,10,35000,350000,35000,385000
759,2/13/2023,13:24,Ming,Toast,Egg and Cheese,Dine in,9,27000,243000,24300,267300
760,4/5/2023,20:23,Ferdi,Toast,Spicy Bulgogy,Take away,3,35000,105000,10500,115500
761,8/20/2022,17:13,Ilham,Toast,Egg and Cheese,Take away,3,27000,81000,8100,89100
762,9/20/2022,11:20,Jason,Toast,Spicy Bulgogy,Dine in,7,35000,245000,24500,269500
763,7/9/2022,13:21,Dapid,Toast,Egg and Cheese,Dine in,5,27000,135000,13500,148500
764,10/31/2022,18:37,Dapid,Toast,Spicy Bulgogy,Dine in,8,35000,280000,28000,308000
765,11/16/2022,16:33,Ferdi,Toast,Egg and Cheese,Take away,2,27000,54000,5400,59400
766,9/11/2022,14:01,Joy,Toast,Spicy Bulgogy,Dine in,6,35000,210000,21000,231000
767,7/29/2022,10:16,Joy,Toast,Egg and Cheese,Dine in,2,27000,54000,5400,59400
768,12/9/2022,19:36,Lance,Toast,Spicy Bulgogy,Dine in,8,35000,280000,28000,308000
769,2/28/2023,20:41,Ming,Toast,Egg and Cheese,Dine in,7,27000,189000,18900,207900
770,6/1/2023,21:47,Jason,Toast,Spicy Bulgogy,Dine in,3,35000,105000,10500,115500
771,6/28/2022,20:06,Ilham,Toast,Egg and Cheese,Dine in,4,27000,108000,10800,118800
772,10/7/2022,15:47,Joy,Toast,Spicy Bulgogy,Dine in,8,35000,280000,28000,308000
773,10/10/2022,16:56,Lance,Toast,Egg and Cheese,Dine in,1,27000,27000,2700,29700
774,10/20/2022,13:24,Ming,Toast,Spicy Bulgogy,Take away,4,35000,140000,14000,154000
775,8/12/2022,20:23,Ferdi,Toast,Egg and Cheese,Take away,9,27000,243000,24300,267300
776,5/21/2023,17:13,Ilham,Toast,Spicy Bulgogy,Dine in,5,35000,175000,17500,192500
777,5/24/2023,11:20,Jason,Toast,Egg and Cheese,Dine in,6,27000,162000,16200,178200
778,5/5/2023,13:21,Dapid,Toast,Spicy Bulgogy,Dine in,7,35000,245000,24500,269500
779,5/27/2023,18:37,Dapid,Toast,Egg and Cheese,Take away,7,27000,189000,18900,207900
780,11/22/2022,16:33,Ferdi,Toast,Spicy Bulgogy,Take away,9,35000,315000,31500,346500
781,10/27/2022,14:01,Joy,Toast,Egg and Cheese,Dine in,8,27000,216000,21600,237600
782,3/9/2023,10:16,Lance,Toast,Spicy Bulgogy,Dine in,8,35000,280000,28000,308000
783,12/19/2022,19:36,Ming,Toast,Egg and Cheese,Dine in,10,27000,270000,27000,297000
784,2/1/2023,20:41,Ferdi,Toast,Spicy Bulgogy,Take away,7,35000,245000,24500,269500
785,1/7/2023,21:47,Ilham,Toast,Egg and Cheese,Take away,5,27000,135000,13500,148500
786,6/18/2022,20:06,Jason,Toast,Spicy Bulgogy,Dine in,3,35000,105000,10500,115500
787,5/17/2023,15:47,Dapid,Toast,Egg and Cheese,Dine in,4,27000,108000,10800,118800
788,9/20/2022,16:56,Dapid,Toast,Spicy Bulgogy,Dine in,1,35000,35000,3500,38500
789,6/30/2022,13:24,Ferdi,Toast,Egg and Cheese,Take away,8,27000,216000,21600,237600
790,12/23/2022,20:23,Joy,Toast,Spicy Bulgogy,Take away,8,35000,280000,28000,308000
791,11/8/2022,17:13,Joy,Toast,Egg and Cheese,Dine in,3,27000,81000,8100,89100
792,3/4/2023,11:20,Lance,Toast,Spicy Bulgogy,Dine in,3,35000,105000,10500,115500
793,8/8/2022,13:21,Ming,Toast,Egg and Cheese,Dine in,6,27000,162000,16200,178200
794,6/12/2022,18:37,Jason,Toast,Spicy Bulgogy,Take away,8,35000,280000,28000,308000
795,12/24/2022,16:33,Ilham,Toast,Egg and Cheese,Take away,9,27000,243000,24300,267300
796,9/1/2022,14:01,Joy,Toast,Spicy Bulgogy,Dine in,3,35000,105000,10500,115500
797,9/5/2022,10:16,Lance,Toast,Egg and Cheese,Dine in,2,27000,54000,5400,59400
798,1/23/2023,19:36,Ming,Toast,Spicy Bulgogy,Dine in,5,35000,175000,17500,192500
799,6/10/2022,20:41,Ferdi,Toast,Egg and Cheese,Take away,3,27000,81000,8100,89100
800,4/10/2023,21:47,Ilham,Toast,Spicy Bulgogy,Take away,7,35000,245000,24500,269500
801,2/9/2023,20:06,Jason,Toast,Egg and Cheese,Dine in,3,27000,81000,8100,89100
802,4/4/2023,15:47,Dapid,Toast,Spicy Bulgogy,Dine in,4,35000,140000,14000,154000
803,6/17/2022,16:56,Dapid,Toast,Egg and Cheese,Dine in,2,27000,54000,5400,59400
804,5/29/2023,13:24,Ferdi,Toast,Spicy Bulgogy,Take away,6,35000,210000,21000,231000
805,5/8/2023,20:23,Joy,Toast,Egg and Cheese,Take away,3,27000,81000,8100,89100
806,3/25/2023,17:13,Lance,Toast,Spicy Bulgogy,Dine in,7,35000,245000,24500,269500
807,10/28/2022,11:20,Ming,Toast,Egg and Cheese,Dine in,10,27000,270000,27000,297000
808,4/1/2023,13:21,Ferdi,Toast,Spicy Bulgogy,Dine in,9,35000,315000,31500,346500
809,3/7/2023,18:37,Ilham,Toast,Egg and Cheese,Take away,1,27000,27000,2700,29700
810,5/5/2023,16:33,Jason,Toast,Spicy Bulgogy,Take away,3,35000,105000,10500,115500
811,5/13/2023,14:01,Dapid,Toast,Egg and Cheese,Dine in,9,27000,243000,24300,267300
812,4/27/2023,10:16,Dapid,Toast,Spicy Bulgogy,Dine in,10,35000,350000,35000,385000
813,4/11/2023,19:36,Ferdi,Toast,Egg and Cheese,Dine in,3,27000,81000,8100,89100
814,3/24/2023,20:41,Joy,Toast,Spicy Bulgogy,Take away,6,35000,210000,21000,231000
815,4/22/2023,21:47,Joy,Toast,Egg and Cheese,Take away,5,27000,135000,13500,148500
816,10/5/2022,20:06,Lance,Toast,Spicy Bulgogy,Dine in,3,35000,105000,10500,115500
